Detector,Descriptor,Keypoints,Matches,Detector Time(ms),Descriptor Time(ms)
SHITOMASI,BRIEF,118,115,11.7624,1.0609
SHITOMASI,BRIEF,123,111,10.7036,0.4863
SHITOMASI,BRIEF,120,104,11.299,0.487
SHITOMASI,BRIEF,120,101,10.49,0.4914
SHITOMASI,BRIEF,113,102,8.7542,0.4853
SHITOMASI,BRIEF,114,102,9.0997,0.4634
SHITOMASI,BRIEF,123,100,9.7816,0.496
SHITOMASI,BRIEF,111,109,9.3544,0.4806
SHITOMASI,BRIEF,112,100,9.4443,0.5095
SHITOMASI,ORB,118,106,8.775,0.6099
SHITOMASI,ORB,123,102,8.6139,0.6128
SHITOMASI,ORB,120,99,9.5049,0.6169
SHITOMASI,ORB,120,102,9.1378,0.6097
SHITOMASI,ORB,113,103,9.2432,0.5869
SHITOMASI,ORB,114,97,8.8293,0.5965
SHITOMASI,ORB,123,98,8.6905,0.639
SHITOMASI,ORB,111,104,8.9936,0.596
SHITOMASI,ORB,112,97,8.7148,0.5965
SHITOMASI,FREAK,118,86,8.6828,30.0989
SHITOMASI,FREAK,123,90,7.3354,30.1871
SHITOMASI,FREAK,120,86,8.0036,31.005
SHITOMASI,FREAK,120,88,7.6888,30.6918
SHITOMASI,FREAK,113,86,7.5345,30.6951
SHITOMASI,FREAK,114,80,8.0967,30.3424
SHITOMASI,FREAK,123,81,7.1371,30.0054
SHITOMASI,FREAK,111,86,7.5214,30.3326
SHITOMASI,FREAK,112,85,7.1262,30.1307
SHITOMASI,SIFT,118,112,7.6807,6.6426
SHITOMASI,SIFT,123,108,7.6013,7.7727
SHITOMASI,SIFT,120,104,7.3419,6.8681
SHITOMASI,SIFT,120,103,7.7025,6.7211
SHITOMASI,SIFT,113,99,7.123,6.6455
SHITOMASI,SIFT,114,101,7.2339,7.0175
SHITOMASI,SIFT,123,96,7.6026,7.4147
SHITOMASI,SIFT,111,106,7.6771,6.5052
SHITOMASI,SIFT,112,97,7.4486,7.2434
HARRIS,BRIEF,54,48,7.0613,0.2426
HARRIS,BRIEF,53,49,7.1587,0.3144
HARRIS,BRIEF,55,47,6.8608,0.2457
HARRIS,BRIEF,56,51,7.2547,0.2428
HARRIS,BRIEF,58,53,7.8973,0.2801
HARRIS,BRIEF,57,49,7.4621,0.2801
HARRIS,BRIEF,61,52,7.2525,0.2805
HARRIS,BRIEF,59,56,6.8744,0.2977
HARRIS,BRIEF,57,55,7.4671,0.2502
HARRIS,ORB,54,46,6.7803,0.5343
HARRIS,ORB,53,44,9.2822,0.8127
HARRIS,ORB,55,48,8.0628,0.5467
HARRIS,ORB,56,51,7.8519,0.5581
HARRIS,ORB,58,49,7.2606,0.5523
HARRIS,ORB,57,51,6.8723,0.518
HARRIS,ORB,61,50,6.8054,0.5185
HARRIS,ORB,59,57,7.6119,0.6108
HARRIS,ORB,57,55,7.2684,0.5636
HARRIS,FREAK,54,43,7.2183,29.6312
HARRIS,FREAK,53,43,6.8704,29.7952
HARRIS,FREAK,55,42,7.4524,29.4926
HARRIS,FREAK,56,39,6.7587,29.6825
HARRIS,FREAK,58,41,7.2352,31.9007
HARRIS,FREAK,57,48,6.7932,29.7664
HARRIS,FREAK,61,45,7.3736,29.9283
HARRIS,FREAK,59,47,6.9093,29.717
HARRIS,FREAK,57,48,7.5087,29.794
HARRIS,SIFT,54,46,6.8327,7.6455
HARRIS,SIFT,53,46,7.0529,6.7175
HARRIS,SIFT,55,50,7.4639,6.3698
HARRIS,SIFT,56,52,6.9569,6.3751
HARRIS,SIFT,58,51,6.7748,6.9779
HARRIS,SIFT,57,48,6.8406,7.9474
HARRIS,SIFT,61,52,6.9528,7.054
HARRIS,SIFT,59,59,7.2924,6.3988
HARRIS,SIFT,57,55,7.7175,6.3918
FAST,BRIEF,152,119,0.6231,0.4777
FAST,BRIEF,150,130,0.6833,0.4308
FAST,BRIEF,155,118,0.5941,0.5519
FAST,BRIEF,149,126,0.6171,0.4582
FAST,BRIEF,149,108,0.5862,0.4603
FAST,BRIEF,156,123,0.6587,0.5082
FAST,BRIEF,150,131,0.6162,0.4326
FAST,BRIEF,138,125,0.7478,0.5422
FAST,BRIEF,143,119,0.6321,0.4446
FAST,ORB,152,118,0.6833,0.6559
FAST,ORB,150,123,0.6444,0.682
FAST,ORB,155,112,0.6022,0.6162
FAST,ORB,149,126,0.6127,0.6497
FAST,ORB,149,106,0.6016,0.6075
FAST,ORB,156,122,0.6005,0.6244
FAST,ORB,150,122,0.5357,0.6298
FAST,ORB,138,123,0.6086,0.5917
FAST,ORB,143,119,0.6569,0.6511
FAST,FREAK,152,98,0.6011,30.1887
FAST,FREAK,150,99,0.6716,30.3589
FAST,FREAK,155,91,0.5926,30.2528
FAST,FREAK,149,98,0.5915,30.2962
FAST,FREAK,149,85,0.7401,30.5759
FAST,FREAK,156,99,0.5948,30.1702
FAST,FREAK,150,102,0.5897,30.3791
FAST,FREAK,138,101,0.6123,30.1802
FAST,FREAK,143,105,0.5894,30.2997
FAST,SIFT,152,118,0.6125,7.6002
FAST,SIFT,150,123,0.6104,7.6421
FAST,SIFT,155,110,0.5985,7.6652
FAST,SIFT,149,119,0.6142,8.449
FAST,SIFT,149,114,0.5998,7.6925
FAST,SIFT,156,119,0.7267,8.3069
FAST,SIFT,150,124,0.5959,8.2628
FAST,SIFT,138,117,0.6074,8.1655
FAST,SIFT,143,103,0.5298,8.7443
BRISK,BRIEF,282,178,255.338,0.746
BRISK,BRIEF,282,205,263.463,0.7104
BRISK,BRIEF,277,185,258.673,0.6995
BRISK,BRIEF,297,179,260.222,0.6943
BRISK,BRIEF,279,183,259.375,0.6652
BRISK,BRIEF,289,195,259.779,0.7495
BRISK,BRIEF,272,207,265.827,0.635
BRISK,BRIEF,266,189,266.213,0.6392
BRISK,BRIEF,254,183,261.86,0.6543
BRISK,ORB,282,162,261.56,2.6514
BRISK,ORB,282,175,257.484,2.8968
BRISK,ORB,277,158,260.152,3.5677
BRISK,ORB,297,167,264.355,2.7407
BRISK,ORB,279,160,261.186,3.2907
BRISK,ORB,289,182,265.526,2.7797
BRISK,ORB,272,167,261.392,2.7188
BRISK,ORB,266,171,257.724,2.7279
BRISK,ORB,254,172,258.79,2.6423
BRISK,FREAK,282,160,256.226,30.8218
BRISK,FREAK,282,177,262.05,31.4097
BRISK,FREAK,277,155,258.826,32.7823
BRISK,FREAK,297,173,267.46,31.2466
BRISK,FREAK,279,161,257.067,32.0085
BRISK,FREAK,289,183,256.434,31.6789
BRISK,FREAK,272,169,255.982,31.2763
BRISK,FREAK,266,178,257.752,33.3257
BRISK,FREAK,254,168,268.819,32.9321
BRISK,SIFT,282,184,262.907,13.6075
BRISK,SIFT,282,193,260.784,13.2284
BRISK,SIFT,277,170,258.996,13.8816
BRISK,SIFT,297,186,260.486,14.1653
BRISK,SIFT,279,174,258.722,13.4656
BRISK,SIFT,289,195,257.357,13.1592
BRISK,SIFT,272,198,257.133,13.6377
BRISK,SIFT,266,179,259.143,13.9786
BRISK,SIFT,254,184,268.025,14.4029
ORB,BRIEF,102,49,5.4315,0.3539
ORB,BRIEF,106,43,5.3573,0.4232
ORB,BRIEF,113,45,4.9267,0.4267
ORB,BRIEF,109,59,4.9472,0.367
ORB,BRIEF,125,53,4.8859,0.4625
ORB,BRIEF,130,78,4.9349,0.4141
ORB,BRIEF,129,68,5.9364,0.4924
ORB,BRIEF,127,84,4.9182,0.4229
ORB,BRIEF,128,66,5.0735,0.3955
ORB,ORB,102,67,4.7435,3.109
ORB,ORB,106,70,4.9857,2.8836
ORB,ORB,113,72,5.1171,3.4013
ORB,ORB,109,84,5.2936,3.5324
ORB,ORB,125,91,4.9859,2.6554
ORB,ORB,130,101,5.689,3.2951
ORB,ORB,129,92,5.1389,3.1256
ORB,ORB,127,93,4.9062,2.844
ORB,ORB,128,93,5.6737,3.1174
ORB,FREAK,102,42,5.2363,29.7406
ORB,FREAK,106,36,4.632,29.672
ORB,FREAK,113,44,4.8955,30.0121
ORB,FREAK,109,47,5.0206,29.7361
ORB,FREAK,125,44,5.3023,30.2111
ORB,FREAK,130,51,5.7782,30.5027
ORB,FREAK,129,52,4.9415,29.89
ORB,FREAK,127,48,5.1753,30.0771
ORB,FREAK,128,56,5.776,30.9296
ORB,SIFT,102,67,5.1795,15.5223
ORB,SIFT,106,79,5.8707,15.2544
ORB,SIFT,113,78,5.1375,16.576
ORB,SIFT,109,81,5.9879,15.7827
ORB,SIFT,125,82,5.3235,15.569
ORB,SIFT,130,95,5.1476,16.8818
ORB,SIFT,129,95,6.351,18.7374
ORB,SIFT,127,95,5.3138,20.1132
ORB,SIFT,128,94,5.5738,17.1434
AKAZE,AKAZE,157,138,33.788,29.6531
AKAZE,AKAZE,161,138,30.5777,25.8097
AKAZE,AKAZE,155,133,29.1459,28.759
AKAZE,AKAZE,163,127,30.9047,25.2202
AKAZE,AKAZE,164,129,30.8872,24.0429
AKAZE,AKAZE,173,146,30.2042,26.5682
AKAZE,AKAZE,175,147,30.0942,22.7411
AKAZE,AKAZE,177,151,31.1329,24.8636
AKAZE,AKAZE,179,150,30.516,25.4448
SIFT,BRIEF,132,86,48.8066,0.6021
SIFT,BRIEF,124,78,48.8986,0.5118
SIFT,BRIEF,138,77,49.5921,0.5281
SIFT,BRIEF,134,86,48.708,0.5266
SIFT,BRIEF,140,69,48.0108,0.6215
SIFT,BRIEF,137,74,49.5306,0.5364
SIFT,BRIEF,148,76,48.7673,0.5066
SIFT,BRIEF,159,70,49.5571,0.5963
SIFT,BRIEF,137,88,49.5597,0.4915
SIFT,FREAK,132,65,48.3009,29.6963
SIFT,FREAK,124,72,47.2223,29.6545
SIFT,FREAK,138,65,49.2838,30.2603
SIFT,FREAK,134,67,50.4129,30.1862
SIFT,FREAK,140,59,48.98,31.3924
SIFT,FREAK,137,59,48.2781,29.882
SIFT,FREAK,148,64,49.5276,31.2999
SIFT,FREAK,159,65,49.1907,30.0754
SIFT,FREAK,137,79,49.5048,29.8935
SIFT,SIFT,132,82,40.0851,34.2109
SIFT,SIFT,124,81,39.3908,33.2927
SIFT,SIFT,138,86,39.3718,34.3335
SIFT,SIFT,134,93,40.6142,33.2532
SIFT,SIFT,140,90,39.8104,33.4952
SIFT,SIFT,137,81,41.8732,35.5329
SIFT,SIFT,148,83,41.9257,33.3661
SIFT,SIFT,159,103,44.8463,35.4322
SIFT,SIFT,137,105,40.7661,34.4773
